account_number,first_name,last_name,current_balance,last_update
5048375212666092,Normie,Baguley,$4649.51,12/11/2021
5108759236712676,Georgie,Newrick,$2669.86,10/14/2021
5048374260943461,Howie,Jado,$5247.35,8/8/2022
5108755156550807,Westbrooke,Gilston,$2193.97,10/31/2021
5048371808663403,Dennis,Copnall,$3662.82,7/26/2022
5048379593655716,Jennifer,Slingsby,$9631.70,11/26/2021
5048374839990175,Salvador,Dragon,$6925.80,11/12/2021
5048373488695135,Bette,Dalliwatr,$1125.12,7/31/2022
5108756633700551,Midge,Palle,$3432.16,1/20/2022
5048376602602358,Merrily,Phette,$7664.10,12/3/2021
5048376093951603,Dianna,Seeking,$9032.07,3/8/2022
5108759721063684,Fernando,Schapiro,$2271.52,3/3/2022
5108753889564013,Ada,Perkin,$9658.62,3/22/2022
5108753059918973,Nanice,Girardin,$9456.28,4/7/2022
5048373564288979,Harald,Imore,$7008.59,12/31/2021
5108755003275418,Reinhold,Smalman,$7952.30,3/3/2022
5108752322114006,Harp,Somerscales,$7615.56,1/27/2022
5048375173971382,Avrom,Doorbar,$3134.58,3/6/2022
5108753744496336,Chantalle,Dunbar,$5450.61,11/26/2021
5048373729239750,Lazaro,Frantz,$2009.25,2/4/2022
5048379474727550,Orin,Sherel,$9450.83,9/30/2021
5108754202997716,Karisa,Stuehmeyer,$9767.45,8/4/2022
5108753659453850,Tonnie,Hasselby,$1494.96,11/2/2021
5108756751322618,Gibbie,De Haven,$2563.89,10/3/2021
5048373516621277,Fonz,Heppenspall,$7925.84,3/3/2022
5108759499213537,Davon,Boissier,$6699.79,11/10/2021
5048372292135841,Beau,Pilger,$2920.89,4/11/2022
5108754060492727,Rutherford,Whawell,$2823.24,12/14/2021
5108759844158049,Jennilee,Prisk,$5601.01,2/5/2022
5048375594512955,Tamiko,Landall,$4792.02,12/6/2021
5048375449657658,Demetra,Singleton,$2520.70,3/26/2022
5048375790220577,Earl,Zanazzi,$3107.37,8/29/2022
5048373612212385,Rainer,Meegan,$1876.24,4/22/2022
5048374476898970,Herman,Pietri,$6715.72,9/23/2021
5048377563094437,Yvette,Messager,$1213.18,8/11/2022
5048374324174269,Maryrose,Filon,$9723.58,7/9/2022
5108751205401555,Hermine,Bert,$7297.52,8/14/2022
5108754934996119,Donna,MacAllen,$2538.18,8/11/2022
5108757398059142,Shena,Dybald,$5351.41,9/22/2021
5048374933893234,Padriac,Towll,$3034.37,7/14/2022
5048376907407065,Swen,Eskrigge,$903.01,3/26/2022
5048370391140902,Egbert,Ghirigori,$2675.56,2/10/2022
5048374223096571,Gwennie,Bellfield,$9313.72,8/29/2022
5048371403086398,Pearle,Allsupp,$8936.80,11/15/2021
5108750985427525,Kikelia,Dutson,$882.81,1/9/2022
5108750778923516,Doralynn,Purselowe,$4668.98,7/23/2022
5108751206112946,Donalt,Storch,$7507.21,11/22/2021
5048372725468512,Reed,Deville,$4475.43,7/13/2022
5048378864101780,Renault,Manuel,$7613.15,7/2/2022
5108753988563452,Bernetta,Swapp,$692.34,11/6/2021
5108757142297568,Lancelot,Eaglestone,$9972.25,6/17/2022
5048374132328271,Kacie,Fortesquieu,$3456.26,2/3/2022
5048374109970659,Josy,Arton,$7555.31,9/15/2021
5048375941106246,Serena,Douse,$9126.43,12/22/2021
5048374019058256,Blaire,Duchart,$1311.10,9/7/2021
5108752238218040,Hillie,Eales,$8031.02,10/31/2021
5048371246560203,Lindy,Tippetts,$5394.53,7/22/2022
5048371008591925,Roddy,Wabersich,$5620.87,2/17/2022
5108752366014823,Xaviera,Shurville,$9869.43,2/20/2022
5108751131965954,Amalee,Scalera,$8060.69,9/9/2021
5108753499720161,Laetitia,Radbourn,$1644.65,3/19/2022
5048371853716452,Hendrika,Jonin,$8402.85,2/9/2022
5108754509421220,Ragnar,Butterworth,$1321.49,3/11/2022
5048378760777758,Noby,Temperley,$933.49,1/9/2022
5048370231378985,Charyl,Witty,$4612.28,3/29/2022
5108754793441371,Dalli,Cahani,$5267.05,1/24/2022
5048377295280783,Florette,Mollatt,$6631.84,11/12/2021
5108759484064549,Kendall,Treace,$3302.58,5/9/2022
5108755324920312,Trisha,Kurten,$2066.12,3/9/2022
5108754612465247,Sabina,Lindeboom,$7409.00,9/13/2021
5108757759097319,Yancey,Prahl,$9244.36,10/7/2021
5108751490822788,Eyde,Hardway,$8256.62,8/11/2022
5108754225087990,Brigida,Crossfield,$690.41,7/20/2022
5048370132030354,Ulick,Soppit,$4195.86,9/22/2021
5048379246137849,Loni,Salatino,$6312.64,4/10/2022
5048371814028831,Selinda,Goodluck,$9803.57,9/29/2021
5108756349535986,Stevena,Van Son,$2135.47,1/13/2022
5048372079818296,Anett,McPartlin,$1009.74,8/11/2022
5108752859240836,Kimble,Cornu,$8504.03,2/14/2022
5048376488523637,Abey,Semper,$7762.83,2/13/2022
5048375715940036,Lev,Lionel,$4334.42,4/5/2022
5048372814290728,Waylan,Durdy,$6037.93,5/7/2022
5108754052470129,Tonia,Tomes,$1873.06,11/7/2021
5048375129690904,Garfield,Larn,$2634.63,10/2/2021
5048378665738632,Clo,Iamittii,$4004.72,9/21/2021
5048374876324825,Bernette,Adamik,$7866.30,10/10/2021
5048379443505152,Demeter,Batcock,$8739.78,2/15/2022
5108752345890434,Violette,Jacson,$2130.16,4/7/2022
5048374418853273,Margareta,Stillert,$3884.95,1/11/2022
5048379753371963,Gannon,Corck,$4455.10,10/2/2021
5108750766525125,Maisie,Heffy,$1265.72,2/6/2022
5108758477674959,Cletis,Sarjent,$1860.23,4/30/2022
5048378351627511,Kriste,Fliege,$911.06,1/9/2022
5108755466222378,Zedekiah,Bottlestone,$9396.04,5/17/2022
5048376568283441,Augustin,Sline,$3834.32,2/25/2022
5048373887368490,Conant,Revan,$4580.96,10/10/2021
5048376432069356,Elka,Foye,$3528.12,12/30/2021
5108754006371993,Rockey,Northage,$9407.79,11/8/2021
5048370247803216,Worden,Rockcliffe,$7434.22,1/25/2022
5048372725663757,Maryann,Stainsby,$4018.91,5/4/2022
5108752151225337,Rolando,Bennen,$8844.70,10/8/2021
5108755298105791,Marcelia,Vamplers,$6627.69,8/22/2022
5048377947763665,Ernie,Blenkinsopp,$7715.98,5/23/2022
5108750139221766,Jaclin,Staynes,$4105.62,11/4/2021
5048373012694976,Gerrie,Hyatt,$9034.99,2/16/2022
5108755231419770,Shurwood,Brechin,$7645.42,4/28/2022
5108755297513797,Kelbee,Wilkes,$619.82,10/16/2021
5108751769751098,Haily,Djurkovic,$4762.60,11/2/2021
5048373733350015,Nance,Christoffersen,$4203.92,10/9/2021
5048370937807832,Chelsae,Dignan,$7086.17,3/9/2022
5108758790791209,Blanch,Arnoud,$9350.62,9/27/2021
5108759743822539,Ulrika,Girardey,$4075.52,7/7/2022
5108757764928292,Jamie,Giacopazzi,$8536.52,6/9/2022
5108753402727683,Agneta,MacDirmid,$7718.24,3/8/2022
5108755915795016,Codi,Drew-Clifton,$9222.68,7/30/2022
5048379225290262,Gerhardine,Jirieck,$8806.87,9/4/2021
5108751159848900,Trude,Dumbreck,$8813.47,9/14/2021
5048370333867372,Dorelle,Stuckes,$8745.29,3/23/2022
5048373986828782,Maynord,Merman,$9190.39,10/27/2021
5048377237869313,Hedda,Aronsohn,$8172.80,11/3/2021
5108757940868305,Janek,Grimsdike,$4203.09,2/17/2022
5048379285787967,Marjie,Watchorn,$6134.82,11/22/2021
5108756802974797,Valentijn,Duckham,$4325.19,1/7/2022
5048375545425158,Juli,Ryott,$3186.82,8/5/2022
5108754212303988,Gabrielle,Lennon,$9468.97,5/5/2022
5048372122769876,Anjela,Feehily,$4222.87,6/13/2022
5048375514667301,Clement,Bernhardt,$7864.15,10/18/2021
5048378762380445,Georgianna,Hovard,$9482.88,12/4/2021
5048378617886083,Anny,Dering,$6650.53,2/16/2022
5108752492097569,Gennie,Ivison,$1892.17,9/24/2021
5108751530683935,Marcus,Sabberton,$6346.72,3/26/2022
5108750020788964,Cassaundra,Bittleson,$3082.36,11/28/2021
5108751831844137,Callida,Soigne,$8667.56,7/30/2022
5048377986694748,Goraud,Blaase,$3925.37,4/2/2022
5108755088786537,Leonidas,Enion,$1111.20,10/3/2021
5048372783297167,Obadias,Attrill,$9039.34,9/10/2021
5048371614126033,Valentine,Clemmitt,$7136.14,12/3/2021
5108759671370774,Kaylil,Klasen,$3226.34,12/26/2021
5108759039528600,Gwenneth,Dupoy,$9320.51,4/7/2022
5108751829053097,Kermit,Westgarth,$1784.14,10/14/2021
5108758805413310,Levey,Blenkinship,$7599.50,11/18/2021
5108755264826636,Maynard,Gencke,$8135.13,5/19/2022
5048375308008894,Alfonse,Hacker,$7341.25,4/20/2022
5108754859397418,Matthias,Filde,$904.67,6/5/2022
5048379070414280,Carmina,Scrimshaw,$5677.23,8/7/2022
5108754776686679,Tammie,Ledford,$7995.72,7/26/2022
5048374422800286,Iago,Krolik,$8383.66,10/27/2021
5108756701715275,Nita,Isakovic,$6324.84,8/9/2022
5108755447075945,Jehu,Mathiasen,$4297.13,12/20/2021
5048377213106243,Elysee,Craske,$826.64,3/17/2022
5048376168990551,Elise,Underdown,$6512.17,4/20/2022
5108758587457139,Carmelle,Rake,$2229.10,6/10/2022
5048374898308590,Ki,Vern,$3956.16,3/14/2022
5108757824496223,Elsi,Gallacher,$5841.84,5/18/2022
5048372375962749,Philipa,Beaby,$606.63,4/29/2022
5108754232143554,Kristyn,Barnfather,$8448.36,4/27/2022
5108752923626317,Wanids,Laste,$7845.58,7/18/2022
5108756798665409,Artemas,Tabord,$2842.54,2/20/2022
5048378757325462,Heywood,Wrighton,$3054.58,12/14/2021
5048374231996077,Page,Boriston,$3944.38,7/8/2022
5048379406367780,Vito,Greetham,$3775.13,9/28/2021
5048376331311735,Jeniece,Bestwick,$6079.19,6/9/2022
5108751059037307,Bertrand,Wyburn,$6827.16,3/18/2022
5048373699580423,Sheilakathryn,Ales,$7527.16,8/20/2022
5108753639803083,Alejandrina,Yellep,$6508.69,5/21/2022
5048379346965586,Willi,Cronkshaw,$3687.42,2/7/2022
5108756533080187,Alyson,Storks,$1623.83,5/13/2022
5108756952479894,Corrinne,Fibbit,$9024.52,4/25/2022
5108752920668395,Merla,De Maine,$9831.98,7/19/2022
5108754397714637,Jeremie,Sweetenham,$6148.22,7/17/2022
5108753038622621,Robena,Blethyn,$1529.86,9/25/2021
5048371340348810,Cord,Stenhouse,$596.89,9/26/2021
5048371193927983,Lotti,Stede,$7592.77,4/24/2022
5048379733181664,Adrian,Lydiard,$5702.10,11/21/2021
5108757651376910,Tammy,Depper,$9468.33,6/1/2022
5048374878881822,Delora,Josilowski,$3190.36,12/25/2021
5048375882961914,Bessie,Maymand,$3194.21,3/20/2022
5048378972487774,Joleen,Ragles,$3168.56,11/4/2021
5048373756349720,Fernandina,Missington,$548.59,9/9/2021
5108751591357841,Harwilll,Filippone,$9703.27,8/1/2022
5108753675436574,Frasco,Bonnin,$8687.45,2/24/2022
5108751458276647,Nicolea,Cuell,$8563.68,8/20/2022
5108750877626465,Marlee,Vasyutichev,$7206.24,5/2/2022
5108753418444067,Hally,Bomfield,$6668.23,3/20/2022
5048373468170125,Catherin,Kerner,$4304.95,11/22/2021
5108759037991297,Basilio,Pitney,$5494.85,6/17/2022
5048374661721144,Saunders,McAteer,$6423.31,5/5/2022
5108753985934037,Frazer,Odney,$1660.61,2/22/2022
5048378920819045,Sauncho,Marcham,$9416.44,1/18/2022
5048376085874128,Kirby,Janauschek,$1219.13,4/19/2022
5048373712353220,Enid,Henricsson,$4397.31,5/7/2022
5048370153076161,Piggy,Trownson,$7902.90,4/8/2022
5048378292322057,Lena,Willcocks,$5821.06,3/3/2022
5108752424600340,Miguelita,Zanicchi,$3215.31,10/20/2021
5108752503697746,Corabelle,Gulleford,$4618.79,9/2/2021
5048377895272875,Tiler,Farnin,$4608.06,4/21/2022
5108751233095254,Rabbi,Sloey,$6758.70,7/18/2022
5048378421348643,Trevor,Winckle,$3698.81,11/7/2021
5108754286172764,Karim,Getley,$2196.26,11/29/2021
5108750163366883,Emmery,Eldershaw,$929.71,12/6/2021
5108756425449144,Lemmy,Seilmann,$6656.93,12/10/2021
5048377679529607,Hashim,Hickenbottom,$1976.71,5/19/2022
5048374740561511,Gayler,L'Hommeau,$5728.31,6/23/2022
5048378210343052,Jed,Wreiford,$6675.02,8/14/2022
5048375455391135,Luciana,Filan,$5590.77,1/21/2022
5108751113181810,Reilly,Insko,$2286.29,10/4/2021
5048371190917664,Lawry,Mortlock,$5817.50,10/9/2021
5048372802695953,Vaughan,Lean,$9817.93,9/7/2021
5108757998321850,Norry,Gooders,$4697.61,8/8/2022
5048377675519750,Yankee,Kidner,$7121.66,11/24/2021
5108754438245088,Laura,Ogelbe,$9223.67,12/4/2021
5048373647678683,Alie,Clacey,$643.90,4/6/2022
5048379744869315,Barry,Croote,$8185.50,10/14/2021
5048372251389686,Raymund,Mileham,$5307.00,3/17/2022
5048378347533989,Elsi,Lewerenz,$5121.40,11/18/2021
5108752832975623,Hanni,Daltry,$7878.88,12/10/2021
5108750196089700,Billy,Jerome,$7779.98,8/21/2022
5048377114993442,Michelina,Denyer,$676.28,2/18/2022
5048378907272531,Sybyl,Nore,$3283.10,8/27/2022
5108750131084253,Tamara,Kinglake,$6353.58,12/1/2021
5048376807094765,Nevins,Lucien,$2320.43,9/18/2021
5048375531594041,Katti,Heggadon,$8831.72,5/8/2022
5108756043736583,Bette-ann,Mariel,$2036.78,12/5/2021
5048373426001479,Swen,Kennefick,$4193.55,6/13/2022
5108754086710433,Raven,Seawright,$4773.63,8/27/2022
5048370096702006,Kasey,Roze,$5081.53,9/28/2021
5108756769305100,Sonja,Frantsev,$5203.41,12/16/2021
5048373617417286,Etta,Lenney,$2841.13,10/1/2021
5108755069542800,Maribel,Rops,$553.15,10/20/2021
5048373434159137,Gradey,Flintoff,$2860.66,12/27/2021
5048374979616283,Helenka,Scohier,$2412.04,4/6/2022
5048377650524304,Stavros,Fishburn,$4943.23,9/14/2021
5108756499500343,Mae,Annakin,$7825.38,2/23/2022
5108751039728603,Farleigh,Spurret,$4072.92,3/14/2022
5048375468004287,Mitchell,Keunemann,$3651.68,2/24/2022
5108751876800457,Dimitri,Pedden,$6159.54,8/29/2022
5108755408670064,Francois,Fautly,$2255.98,12/7/2021
5108756282755559,Maxy,Layburn,$7673.93,10/4/2021
5048372295616219,Berkie,Shears,$3376.21,5/31/2022
5108753909861704,Giana,Blofield,$1183.38,3/23/2022
5048379671971241,Cyb,Nisard,$1109.98,1/25/2022
5048371574609234,Brendin,Morgan,$6431.28,7/2/2022
5048379380430695,Antone,Rainford,$2677.35,1/3/2022
5048375478429169,Erhard,Brockbank,$7783.27,9/5/2021
5048374896728401,Rasia,Clemenceau,$7523.92,10/19/2021
5108753411269081,Gaultiero,Starrs,$2255.29,1/22/2022
5048371569153891,Niels,Soggee,$7512.24,6/16/2022
5048370548586221,Elberta,Ellse,$2070.77,11/18/2021
5048376062463168,Miguel,Glacken,$3011.38,10/19/2021
5048372801169901,Humbert,Ruggs,$9008.76,4/9/2022
5108758331550049,Fowler,Haggar,$6740.81,8/29/2022
5048377271957321,Shermy,Rattery,$9785.75,6/27/2022
5108759466264307,Hector,Hayesman,$3369.00,11/4/2021
5108758578314331,Abbott,Fairburne,$922.05,3/8/2022
5108754118114125,Mildrid,Gifford,$9314.23,3/24/2022
5108758873747631,Hedvige,Whight,$2285.07,1/3/2022
5108750928919398,Darci,Searchfield,$6796.75,11/9/2021
5048375902490605,Pamela,Andriesse,$5415.88,1/9/2022
5108751123547810,Dona,Bacon,$5640.52,7/11/2022
5108751106643347,Winfred,Westover,$1050.39,11/26/2021
5108750927762823,Elfreda,Cleall,$2693.06,9/13/2021
5108754622963389,Ethelbert,Hughson,$1102.37,4/25/2022
5048376213467316,Gayel,Dupoy,$7990.07,5/2/2022
5048377939458340,Marietta,Duxfield,$8404.34,9/19/2021
5108756635382846,Alexandre,Tissington,$3625.84,6/14/2022
5108758044422940,Jessey,Kempson,$4349.77,10/14/2021
5048373717528511,Oralia,McAloren,$5701.73,1/13/2022
5108758638096555,Andee,Freiberg,$3707.56,1/8/2022
5048377136253205,Pierre,Oakey,$4572.95,2/10/2022
5108755001646461,Burton,Allright,$3880.10,1/25/2022
5108759438527583,Shelden,Gladdifh,$7133.96,11/19/2021
5108750029334455,Theresita,Donnersberg,$7216.35,4/6/2022
5108750378787360,Ivar,Grishanov,$8109.74,12/7/2021
5108751964897670,Finn,Scottini,$4896.83,1/25/2022
5108751474827068,Alec,Sleigh,$6477.18,4/2/2022
5048373797934530,Noland,Heasley,$9140.43,2/16/2022
5048376705267406,Romeo,Brandrick,$5295.14,12/11/2021
5048370864407887,Adrianne,Copsey,$8497.53,7/12/2022
5108750758068803,Jeannine,Plume,$3855.55,10/18/2021
5048371246100141,Kristina,Briat,$5096.75,2/16/2022
5108750920134079,Zeb,Slessar,$7982.81,1/24/2022
5108752282812326,Ruben,Sheraton,$8008.07,7/30/2022
5048376218678289,Ingelbert,Poynser,$4201.89,7/28/2022
5048376458416523,Grange,Tapp,$686.48,7/15/2022
5048377453411675,Valentijn,Cupper,$8140.28,5/30/2022
5048375335176755,Zaneta,Silmon,$5029.94,4/27/2022
5108759928478297,Marley,Hulse,$5455.47,6/1/2022
5048376821453146,Levy,Lassen,$5532.27,1/19/2022
5048375287797632,Glyn,Lishmund,$9628.65,2/27/2022
5048379046494903,Delly,Delhay,$5790.40,6/27/2022
5108756022572629,Maurene,McDougal,$3249.44,12/4/2021
5108759416637180,Corliss,Casale,$2404.45,11/30/2021
5048374003899574,Yorker,Allatt,$8048.63,9/15/2021
5108752787655154,Bald,Hamstead,$888.58,1/18/2022
5048375985411312,Gabriella,Ragles,$5721.89,3/30/2022
5108759447677890,Byram,Heinish,$7969.78,10/5/2021
5048373123004859,Russell,Lycett,$6501.57,3/12/2022
5048375039255582,Stefa,Gallacher,$9749.99,8/4/2022
5048375348016089,Ree,Berks,$6719.27,5/7/2022
5048376198391770,Duky,Meacher,$774.07,3/30/2022
5048378152696269,Daphne,Abelevitz,$2941.91,6/8/2022
5048377336234344,Aland,Stiant,$3451.63,9/20/2021
5108758709336146,Janene,Sholl,$1062.92,1/29/2022
5108757021721464,Arlen,Howsego,$8426.18,9/23/2021
5108753527247153,Terry,Chinge de Hals,$9581.27,4/29/2022
5108756488968287,Alaric,Harmour,$6658.79,5/21/2022
5108751187103740,Marietta,Speir,$4360.02,5/2/2022
5048371262271560,Jillayne,Clemson,$5079.51,5/28/2022
5048375385131056,Mirelle,Laundon,$9316.99,4/5/2022
5048378388691001,Karlyn,Gillhespy,$8782.93,8/25/2022
5108759128532059,Nat,Illsley,$9328.56,12/25/2021
5108759470693848,Brandyn,Dunstone,$9349.90,1/1/2022
5048377016673209,Hermine,Mish,$5749.13,2/22/2022
5048377879674633,Redford,Semark,$6048.67,10/2/2021
5048374616156032,Hortensia,Nesey,$1170.01,7/28/2022
5048374639062167,Danyette,Tummasutti,$2834.99,12/11/2021
5048371007030362,Fara,Besnardeau,$3786.22,10/9/2021
5048376915443888,Laney,Humbie,$5807.36,7/18/2022
5108759451649124,Delainey,Wendover,$6670.49,12/7/2021
5048378103022771,Cirilo,Lilloe,$2010.27,9/21/2021
5108759201242519,Loren,Gratland,$1745.94,7/14/2022
5108755966076498,Hedda,Wilne,$862.13,7/14/2022
5048371807311335,Bree,Regardsoe,$8119.48,7/28/2022
5108753789954009,Susi,Pund,$9884.86,12/14/2021
5108758873898418,Catherin,Stacy,$9126.81,7/1/2022
5108754874886353,Mayer,Basso,$6747.33,7/26/2022
5048372726137587,Kara-lynn,Banbrook,$4292.51,10/9/2021
5048370266895184,Abey,De Cleen,$5066.50,6/1/2022
5108751366993002,Jeralee,Ravelus,$2109.18,7/16/2022
5048376340908067,Griffin,Beynkn,$3968.59,8/26/2022
5048375748915740,Rodolphe,Leil,$5500.88,7/27/2022
5108752444483875,Howard,Bushe,$2986.65,12/15/2021
5108753812262453,Kyla,Heyburn,$630.54,11/4/2021
5048376668305987,Kermit,Flay,$3017.45,10/6/2021
5108750213051923,Staffard,Alderwick,$919.28,2/8/2022
5108752006837088,Klarrisa,Inold,$3314.10,11/30/2021
5108757933884400,Mary,Kurth,$3008.00,1/21/2022
5048374221455183,Parnell,Duerdin,$2269.01,2/26/2022
5108759613751719,Carline,Mora,$9552.05,7/31/2022
5048379330100380,June,Hilling,$6620.34,7/3/2022
5048378504868053,Gaylene,Voden,$9795.18,6/17/2022
5048376178590920,Jamesy,Meenehan,$668.89,8/9/2022
5048372975401932,Katerina,Timblett,$3532.83,8/26/2022
5048376816787227,Gordon,Cogin,$2094.97,3/11/2022
5048373157322623,Perry,McCroary,$502.88,4/18/2022
5048378244846658,Montague,Dantesia,$7932.18,12/24/2021
5048379256112831,Chelsea,MacCostigan,$4073.52,8/23/2022
5048378935035736,Chaim,Abrahmovici,$3608.08,11/26/2021
5048378970933241,Jenny,McQuade,$812.27,5/10/2022
5048376151318612,Zara,Carillo,$4556.65,8/16/2022
5108756173917532,Doralia,Phant,$2159.67,10/31/2021
5108756350824683,Harriet,Cass,$3238.00,9/13/2021
5048378450593234,Otho,Boatwright,$5165.60,4/2/2022
5048378839911016,Flossie,Croose,$9202.44,4/17/2022
5108755740211494,Trixie,Valencia,$2381.82,3/9/2022
5108758296086518,Myron,Mountain,$3761.58,4/1/2022
5048370911983260,Winnie,Aries,$8788.18,1/26/2022
5048374537374904,Elizabeth,Gile,$2483.11,8/4/2022
5048376375887103,Lucretia,Steere,$4738.51,4/15/2022
5108756220639493,Locke,Rendell,$1370.94,6/17/2022
5108757216099395,Marnie,Stanlick,$7346.06,7/17/2022
5108757145958695,Agnola,Larrad,$2924.50,1/22/2022
5108755591241038,Michal,Grayley,$7735.15,9/6/2021
5108758453956032,Ketty,Bumpas,$4579.89,10/23/2021
5108750472638360,Riki,Graver,$7732.29,9/27/2021
5108752352334664,Peter,Riepel,$8378.05,9/19/2021
5108755435711675,Octavius,Scheffel,$6911.84,8/5/2022
5108757063697986,Teena,Rattry,$8310.59,7/22/2022
5108751103201727,Lynea,Lindfors,$8494.79,3/5/2022
5108757518292243,Keene,Benns,$6398.46,1/25/2022
5048376534592826,Modesta,Whear,$725.98,3/20/2022
5108751243478573,Bernardo,Munslow,$5895.47,6/25/2022
5048372200087118,Evaleen,Griffen,$7780.15,10/16/2021
5108758951922908,Claus,Bumphries,$5796.09,5/17/2022
5108757421888483,Megen,Mansour,$3779.95,6/17/2022
5108757046765041,Pierson,Lampet,$3141.41,6/30/2022
5048372498266804,Wes,Boots,$6707.57,4/18/2022
5048377443515502,Bobbee,Bussy,$4564.75,9/11/2021
5048374458939172,Hakim,Ballintime,$2367.77,7/7/2022
5108753349876437,Ingram,Renshell,$4613.74,1/11/2022
5048375411830762,Roldan,Legister,$7319.59,12/22/2021
5048371162139339,Elaine,Wulfinger,$6318.74,5/18/2022
5108759444296520,Robenia,Vanyukhin,$9637.17,3/17/2022
5108758247814828,Morgen,Trees,$3485.38,2/2/2022
5048370468948914,Benedikt,Niese,$2458.33,5/27/2022
5108751236160436,Taffy,Croston,$5549.91,9/10/2021
5108758779841397,Salmon,Burnard,$6978.44,6/12/2022
5108750948925755,Othello,Bettinson,$8279.51,9/11/2021
5108750216608927,Rogerio,M'Chirrie,$3664.77,1/2/2022
5108759028719186,Quintina,Norcock,$532.94,9/14/2021
5108756782517590,Sylas,Thrussell,$2630.05,1/31/2022
5108758222768940,Joline,Raffles,$4405.28,1/28/2022
5048372310222746,Matt,Harome,$4747.19,10/20/2021
5108752798372831,Lina,Favela,$7180.03,8/6/2022
5108755528865305,Alisha,McColm,$1754.97,11/19/2021
5048374348455579,Maye,Aronov,$1378.33,7/15/2022
5048370959823212,Jaine,Hannis,$4164.10,3/7/2022
5048372181175155,Dionne,Troubridge,$2780.55,11/5/2021
5048373078421454,Tabina,Giacomasso,$7293.29,7/13/2022
5108755413054817,Tally,Blaydon,$4458.10,6/30/2022
5108753817316791,Napoleon,Mac Giany,$1032.89,9/25/2021
5048379245151064,Nicolis,Martugin,$6219.36,3/21/2022
5108756811202636,Barret,Thorbon,$8982.91,9/22/2021
5108758032541354,Yetta,Dressell,$5991.74,5/9/2022
5048373162929081,Neysa,Faucett,$1836.47,1/4/2022
5048370211330600,Kellina,Crellim,$2958.99,8/31/2021
5108753739591349,Lenard,Ilyasov,$1844.24,7/18/2022
5048376724025231,Marie,Perfili,$5979.29,12/23/2021
5048375161234538,Purcell,Becraft,$2535.88,8/8/2022
5108755711651405,Milicent,Fortye,$7198.82,7/10/2022
5048375029120960,Kingsley,Shelmardine,$8475.00,8/5/2022
5108755793984104,Vinita,Heugh,$2443.42,3/25/2022
5108754208213480,Savina,Klauber,$5175.33,4/21/2022
5048371805377890,Valma,Pharoah,$9377.98,7/9/2022
5048377328190025,Hussein,Verny,$1248.08,1/6/2022
5108758165914675,Farly,Genge,$8292.29,10/6/2021
5108751166823649,Jere,Gunda,$3308.04,1/10/2022
5048375375733887,Lenard,Broy,$8406.48,9/27/2021
5048379609657854,Randie,Dommersen,$6496.07,2/13/2022
5108758933555065,Adriano,Morfey,$1417.62,5/15/2022
5108755836234608,Walt,Drennan,$1253.89,2/16/2022
5048371950024180,Flynn,Thomen,$3807.42,10/12/2021
5108754634867016,Consalve,Duddle,$1915.61,9/27/2021
5048371046920813,Cully,Wesson,$8228.24,3/14/2022
5048379584758438,Karol,Leddy,$4246.12,6/9/2022
5048378672999870,Kit,O' Molan,$3772.18,9/16/2021
5048371182657567,Cornall,Jimpson,$699.73,1/1/2022
5048378200283516,Jenni,Nell,$7637.32,3/8/2022
5108759204081989,Tuck,MacFadzean,$4340.59,7/22/2022
5048371722639547,Shelba,Lyven,$8106.79,6/15/2022
5108751143532677,Ralina,Sextie,$6687.89,4/11/2022
5048375215988311,Mariellen,Common,$4126.24,5/10/2022
5108754943930919,Ivette,McIlrath,$7593.30,5/18/2022
5108754753239609,Edi,Malim,$5759.59,1/24/2022
5108752158663688,Lucila,Doby,$1848.02,3/4/2022
5048375334023610,Blake,Marchington,$1986.74,3/10/2022
5048377887079759,Basil,Dawley,$5261.97,11/25/2021
5048373116653423,Erinn,Ricardot,$1282.84,12/6/2021
5048372257748802,Town,Limbourne,$1384.31,10/3/2021
5108751307251262,Lay,Madre,$9753.01,10/15/2021
5048379087004579,Mufinella,Mil,$8078.09,5/30/2022
5048378691560521,Helenelizabeth,Darragon,$7974.64,5/20/2022
5048372762001796,Marrissa,Eloi,$9771.28,7/28/2022
5048375323107887,Franciska,Ridulfo,$2688.60,12/7/2021
5108753974063921,Ambrosius,Reen,$5340.91,3/12/2022
5048370115456485,Eulalie,McCaghan,$2528.81,8/14/2022
5048371980281123,Celeste,Beloe,$4272.73,10/29/2021
5108759179245205,Dorita,Jikylls,$1369.78,7/5/2022
5108751558245047,Pru,Alwell,$8562.99,7/11/2022
5048371848096754,Sonny,Jarnell,$5010.99,3/23/2022
5048373630061178,Nial,Benes,$1317.16,11/25/2021
5048377161835447,Sylvia,Cullivan,$1384.09,7/7/2022
5048370274859537,Steve,Troughton,$6927.12,11/23/2021
5108752996017394,Janessa,Tomek,$9410.97,5/24/2022
5048375049556649,Leicester,Ferrone,$8018.53,1/31/2022
5048373526406388,Gordy,Bouskill,$545.08,12/20/2021
5108758899445293,Zenia,Roggeman,$3270.42,1/17/2022
5108755869516277,Sylas,Harbidge,$1193.50,6/5/2022
5048371265423838,Merle,Ruger,$7184.57,9/14/2021
5108759241335653,Lyndsay,De Carolis,$3012.56,10/4/2021
5048371811446226,Mendie,Print,$4866.59,3/4/2022
5048378863743897,Eloise,Hooks,$7341.67,6/23/2022
5048371635426941,Gianni,Condliffe,$2489.15,8/22/2022
5048376335773252,Dredi,Croxley,$5902.81,1/15/2022
5108754287827549,Dorotea,Ellison,$5156.75,5/10/2022
5048376346852798,Quinta,Matveichev,$6010.96,5/27/2022
5108756247760751,Carroll,Hamlin,$7386.16,7/26/2022
5048376417542286,Georgine,Repper,$9272.55,9/20/2021
5048379635336317,Norry,Godrich,$4199.17,9/2/2021
5108751168032033,Wolfie,Kingswood,$3942.63,6/1/2022
5048376402806761,Bertha,Conrart,$4146.97,1/16/2022
5108757419234773,Melody,Dober,$6654.28,1/29/2022
5108755412970534,Gustav,Brose,$1279.83,8/5/2022
5108757746019509,Neala,Kiessel,$5789.59,8/10/2022
5108751121390718,Hinda,Rodders,$4952.65,8/27/2022
5108755118884708,Horatius,Dyzart,$1618.80,2/19/2022
5108754995539691,Carma,Haldon,$602.39,5/30/2022
5048372139928226,Bail,Gowland,$1567.91,4/29/2022
5108759491736055,Stevy,Lochead,$7517.63,5/8/2022
5108757256750873,Costanza,Pauleau,$4849.22,3/12/2022
5048372614478374,Sophey,Ysson,$2430.70,11/29/2021
5048375132101782,Dud,Ponder,$9290.19,7/25/2022
5108753061405746,Larina,Weinmann,$1214.06,1/11/2022
5108757853936339,Olimpia,Woodroff,$9484.96,7/16/2022
5048374043926379,Crosby,Baurerich,$7905.20,4/13/2022
5048377897411018,Menard,Fforde,$8883.58,5/5/2022
5108755841448425,Adda,Dominguez,$5672.98,1/14/2022
5108757941279122,Henri,Kynett,$1708.91,5/16/2022
5108755474279907,Xena,Witheford,$4778.36,5/13/2022
5048379418390978,Valencia,Minelli,$6141.03,11/20/2021
5048373212971570,Eveleen,MacGee,$2424.52,9/25/2021
5108755323638493,Sharla,Corrigan,$4585.99,4/23/2022
5108756690257081,Jaine,Tough,$4332.99,2/13/2022
5108752134899422,Heddi,Guiel,$6343.85,2/24/2022
5048373133034755,Cyrus,Yakunin,$9117.57,8/16/2022
5108756574123128,Batsheva,Gallichiccio,$7811.04,11/10/2021
5108757444608553,Claudina,Piggens,$1838.42,1/31/2022
5048372758528448,Matthieu,McRavey,$1813.92,6/5/2022
5108758615965913,Maynord,Glossup,$4987.42,4/16/2022
5048371152319925,Vivyanne,Ballam,$1770.60,5/15/2022
5108751126097417,Vina,Hembery,$9858.99,6/7/2022
5048375492199160,Daniela,Pettingill,$8783.48,5/18/2022
5048372776281517,Manny,Asplin,$898.26,8/10/2022
5108757293079906,Yancy,Franzolini,$4691.51,12/8/2021
5108753782517779,Gordon,Greenstock,$4490.21,1/28/2022
5108758962218924,Holden,Sewill,$4609.54,4/17/2022
5048375931706047,Ardelle,McCoid,$3077.03,4/12/2022
5108754975071111,Renie,Pires,$7668.15,10/22/2021
5108757085208887,Averil,Myatt,$8556.53,5/7/2022
5108754061528297,Noll,Macia,$3102.73,7/17/2022
5048377624107392,Carrie,Crawshaw,$3453.97,2/11/2022
5108754767349352,Marty,Cyseley,$6214.75,10/13/2021
5048379796470327,Demeter,Marking,$9743.78,3/25/2022
5048379757759304,Danny,Toulch,$8584.60,12/20/2021
5048370101776334,Alyosha,Birkenhead,$3500.92,8/14/2022
5108754691307328,Benedikt,McCarrison,$3916.42,7/6/2022
5048376818196740,Linda,Ianilli,$2997.86,5/3/2022
5048377192222268,Pier,Stadding,$3209.43,3/15/2022
5108756532075303,Marshal,Lassey,$7530.46,3/12/2022
5108756062165391,Tommi,Buckle,$4840.22,6/4/2022
5108758214447750,Anselma,Pittford,$9950.82,7/11/2022
5048378963948073,Hogan,Maryon,$6243.65,4/15/2022
5108750545807091,Leighton,Cregeen,$8566.78,4/2/2022
5048374933420996,Tamqrah,Golton,$6229.18,5/2/2022
5048378252934305,Yoshiko,Bunning,$8982.09,5/8/2022
5108755645401851,Jana,Mursell,$5204.96,3/25/2022
5048377313757572,Nataline,Auchinleck,$6189.23,5/16/2022
5048370240209809,Lurleen,Tweedle,$8127.17,1/8/2022
5048377336178814,Inesita,Lambert,$7744.79,3/30/2022
5048376345714684,Ikey,Grigsby,$2457.87,9/2/2021
5048371197198482,Hedwig,Scimone,$2734.40,9/11/2021
5048373163525565,Chad,Stanway,$8683.66,10/22/2021
5108753549879454,Leontine,Dunkerley,$4779.06,7/4/2022
5108753638568794,Cort,Moroney,$2744.18,2/18/2022
5048371403010265,Nikkie,Bowdler,$5820.47,6/5/2022
5108759320606263,Arman,Prinn,$6701.96,6/9/2022
5108751687099570,Dagmar,Cheek,$9607.73,5/14/2022
5048373327113563,Max,Pooly,$4565.44,9/8/2021
5048377943838941,Julina,Danielsen,$9613.80,9/19/2021
5048375925897877,Larisa,Wollers,$4798.42,9/7/2021
5108754066568181,Faun,Ramage,$8705.97,3/16/2022
5108752221053990,Conan,Simnor,$3169.50,9/3/2021
5108750340947498,Eve,Jayume,$1872.40,3/25/2022
5048377570670088,Arney,Dusting,$910.96,9/20/2021
5048374150493536,Ely,Kochlin,$762.81,1/16/2022
5048372632912685,Syman,Geaney,$1689.74,6/10/2022
5108750186199576,Erma,Ciabatteri,$2799.21,4/16/2022
5048378166429459,Luelle,Meade,$2284.43,12/23/2021
5108754251456853,Sabra,Varne,$4716.36,3/8/2022
5048379492609277,Xerxes,Hysom,$7512.50,5/5/2022
5108754536288733,Augustin,Hindge,$5352.62,4/29/2022
5048378491776178,Maurice,Beacock,$2840.35,4/9/2022
5108752634317008,Lilith,Judgkins,$4411.33,11/11/2021
5108750807712773,Edik,Heggie,$7155.29,7/29/2022
5108757283571813,Stephenie,Greaves,$1252.13,4/6/2022
5108759925193345,Madelyn,Robotham,$1562.47,8/13/2022
5108753512460126,Marketa,Evemy,$3185.51,9/3/2021
5048375447098467,Lanie,Huckle,$9724.63,10/2/2021
5108755931962608,Kristina,Mendenhall,$6537.12,12/17/2021
5108752424897979,Kort,Scurry,$6032.57,5/1/2022
5108756818029883,Andria,Neggrini,$6485.60,7/23/2022
5048376308060125,Teressa,Mander,$5278.47,3/15/2022
5048375349008705,Kendricks,Bernette,$7956.82,6/17/2022
5048375406789148,Danyette,Bowbrick,$6378.74,7/24/2022
5108758755249714,Garreth,Urlin,$3336.05,5/23/2022
5048377631942294,Luise,Cundey,$3184.29,3/20/2022
5048375210266143,Jammie,Leehane,$8704.20,6/5/2022
5108751789382155,Leeland,Dennistoun,$2879.71,10/30/2021
5108750312217300,Rebekkah,Beards,$7907.16,2/11/2022
5108750793488636,Gwyn,Watford,$5562.25,9/26/2021
5048376198289842,Judah,Vise,$2029.08,3/13/2022
5048378614316738,Berenice,Malkie,$1157.07,1/5/2022
5108750584172134,Essy,Turney,$6386.29,8/8/2022
5048370412680811,Elwyn,Bratch,$5391.11,1/26/2022
5108753812135352,Goldia,Belone,$1578.54,4/18/2022
5108751759601105,Griffin,Di Biasio,$559.97,6/18/2022
5048370263605073,Hephzibah,Gain,$5871.99,1/7/2022
5108750438199978,Bridgette,Bicksteth,$2181.59,10/17/2021
5108752095200552,Missy,Raggett,$7449.28,10/9/2021
5048373987811381,Sharleen,Pignon,$1029.68,9/17/2021
5108757097446905,Carissa,Chatburn,$8943.66,7/6/2022
5048373573222118,Thorn,Carrane,$6967.05,9/4/2021
5048371365089133,Osmund,Dommett,$9626.43,10/5/2021
5048375010699758,Karry,Algy,$2701.94,5/15/2022
5108753456864812,Valentine,Killick,$3866.34,7/19/2022
5108755327610902,Marcela,Caudle,$1974.27,12/5/2021
5108757827267498,Reed,Leil,$7367.19,5/10/2022
5108752587304052,Milli,Badrick,$3964.49,7/4/2022
5048371545023747,Wendi,Filtness,$7911.41,6/3/2022
5108755637342493,Delmer,Waterhowse,$5973.92,10/21/2021
5108756539056496,Pavla,Lattimore,$8059.13,4/26/2022
5108758200189549,Allis,Rupprecht,$2005.98,11/1/2021
5108754986158964,Christa,Kensitt,$4347.57,4/24/2022
5108750029151206,Richy,Hellin,$1445.50,4/11/2022
5108752364316733,Gan,Merioth,$3529.93,2/17/2022
5108756787865523,Aloysius,Jerzak,$2860.21,12/28/2021
5108751844901163,Gene,Meighan,$5179.95,10/17/2021
5108756421715795,Anjela,Ahmad,$3262.52,12/30/2021
5048375768006719,Tally,Creaney,$663.27,9/3/2021
5048375201437299,Edward,Libbis,$4940.27,5/20/2022
5108756249550788,Helenka,Baudesson,$4717.29,12/16/2021
5048375285606173,Maggie,Mackerel,$5747.23,9/19/2021
5108755613994168,Dorthea,MacPeake,$9380.74,12/5/2021
5048379033014938,Kizzee,Webland,$1367.71,7/20/2022
5048377742088995,Sheila,Uttley,$5542.56,9/9/2021
5108759979918852,Sayres,Cater,$6512.55,3/21/2022
5048370815694039,Elysha,Ewdale,$7321.30,11/23/2021
5048373552200036,Ingunna,Oldaker,$1826.79,1/18/2022
5048371910040268,Sashenka,Stogill,$560.98,2/2/2022
5048378687206394,Joline,Patmore,$1378.98,11/18/2021
5048379186289774,Reynard,Davoren,$8971.60,3/19/2022
5108757089213511,Marcello,Middell,$996.36,12/23/2021
5048370100122720,Garold,Possa,$547.22,5/12/2022
5048376386329343,Elwin,Oram,$7274.84,9/1/2021
5108753520313804,Sharon,Ollander,$1040.92,10/27/2021
5108759616509288,Elene,Bullers,$9076.76,3/26/2022
5108756308549960,Wallie,Ganforthe,$1424.00,6/16/2022
5108757292145468,Shelia,Brouard,$6269.24,10/13/2021
5048375557229563,Kasey,Cutchie,$3011.01,10/18/2021
5048370286120555,Britte,Grishakov,$5602.41,5/28/2022
5048379269191913,Trix,Hackworth,$9790.74,7/27/2022
5108756427129249,Boris,Attril,$9309.21,4/30/2022
5108751726906686,Nertie,Hammerstone,$7621.58,11/30/2021
5048372585015262,Alta,Garthshore,$9090.56,5/19/2022
5048379352901764,Tanner,Piwell,$9293.37,11/9/2021
5108759552257793,Cozmo,Hiscoke,$1246.50,5/15/2022
5108750148072564,Danielle,Brook,$1606.94,7/16/2022
5108759317519271,Vincenz,Yegorshin,$7473.34,10/8/2021
5048379426218773,Drusi,Lesaunier,$4728.91,4/4/2022
5108753723685982,Ray,Haddy,$6583.90,11/17/2021
5108751236565543,Frieda,Ouldred,$1496.55,10/28/2021
5048378160842814,Dulce,Trimble,$8953.72,3/2/2022
5108758588317399,Sonny,Kissock,$6741.94,11/7/2021
5048377891159001,Carl,Scarborough,$2135.33,3/28/2022
5048371694591791,Sheeree,Beadnell,$5687.64,2/11/2022
5048370081729642,Opal,Caesar,$7917.24,11/26/2021
5048377487693801,Vin,Courtes,$7600.24,11/15/2021
5048374849792355,Ianthe,Dietmar,$5009.49,7/17/2022
5108750834412520,Aland,Stitt,$4505.30,1/21/2022
5108759444153895,Gilberta,Rawet,$4730.57,3/4/2022
5048374039828886,Gael,Garioch,$3827.77,6/13/2022
5048375696267334,Franny,Bantock,$5462.70,7/19/2022
5108752810252037,Monique,Human,$3356.43,11/27/2021
5108758319318054,Jeanette,Yesenin,$1103.41,4/23/2022
5048372706638729,Micheline,Conaghan,$5271.20,6/16/2022
5108753535422848,Annamaria,Lassey,$6365.44,4/28/2022
5108756149498443,Kandace,Kalderon,$1166.88,6/20/2022
5048379080049670,Em,Conniam,$5702.57,2/8/2022
5108755545735812,Marthe,Duns,$1040.27,4/23/2022
5048378660727515,Grazia,Wernham,$9669.78,3/5/2022
5108756222333723,Harry,Kildale,$5632.65,5/10/2022
5108759981881262,Muire,Quartley,$4085.03,12/13/2021
5108758468882710,Allister,Spark,$4478.34,3/17/2022
5108758549927930,Ceil,Weedenburg,$4092.67,12/21/2021
5048374328159050,Brigida,Frances,$2604.77,3/25/2022
5108750929803963,Sterne,Swenson,$6062.98,12/11/2021
5108750221047814,Wildon,Farrar,$1422.22,5/7/2022
5048378692689618,Lexie,Sillitoe,$6454.83,8/24/2022
5108755773097711,Johanna,Petrillo,$8494.03,9/23/2021
5108751557439864,Mehetabel,Poncet,$6120.98,10/20/2021
5048371105028383,Fletch,Lennarde,$8969.72,10/11/2021
5108753487176970,Lester,Clousley,$5730.52,8/2/2022
5048371227435458,Melinda,Madden,$3748.20,2/11/2022
5108759944664136,Leicester,Rowston,$7153.65,2/19/2022
5108750144823796,Robbie,Jouandet,$3457.01,5/15/2022
5108756062313017,Blythe,Richardes,$7740.14,2/22/2022
5108753145705822,Car,Medgwick,$6203.74,6/18/2022
5048379303459177,Christiana,Abrahmovici,$4140.39,8/31/2021
5048372761277256,Starr,Vahey,$2270.20,3/8/2022
5048374727560973,Matthus,Dael,$7527.55,2/5/2022
5108753312715075,Natalina,Hadwin,$3709.81,3/29/2022
5108753150073694,Averell,Treleaven,$8531.53,8/8/2022
5108755737797620,Ariana,Fransewich,$4659.77,5/17/2022
5048371681463749,Sella,Pepperell,$8359.89,6/23/2022
5108751668455437,Lorelei,Moncrefe,$1963.87,8/25/2022
5108751754895199,Gawain,Downing,$5736.18,9/9/2021
5048374130755731,Elyn,Gyenes,$7880.95,1/23/2022
5048376209591863,Carine,Thomson,$1867.82,11/20/2021
5048378338960332,Aldous,Rickett,$4071.63,3/28/2022
5048371392300404,Salomone,Childerhouse,$2951.70,10/16/2021
5048377513212956,Chick,Carlsen,$3332.82,1/30/2022
5108751734692211,Dukie,Meech,$2440.37,9/20/2021
5108752109805248,Dulciana,Hugnot,$1148.81,9/23/2021
5108758479365390,Lisbeth,Nissle,$2353.74,10/22/2021
5048378044938374,Nelly,Lorkings,$7506.22,3/20/2022
5108754794627655,Adelind,Spearman,$7960.38,4/8/2022
5048379094957116,Nicol,Eslie,$3169.95,7/2/2022
5108759358001445,Jewell,Giraudou,$7593.10,2/17/2022
5108753804226417,Reed,Meeke,$8505.81,11/27/2021
5048378558840172,Phedra,Boyland,$6854.81,3/2/2022
5108759856263018,Noble,Troughton,$5057.67,4/8/2022
5108757357309421,Bryn,Boken,$6702.99,6/7/2022
5048373101716474,Gladys,Corish,$5951.20,7/5/2022
5048370062065610,Keefe,Fernandez,$2975.90,2/12/2022
5108751933320986,Morna,Sullens,$9113.99,8/4/2022
5108756958663871,Dorise,Capoun,$9794.84,9/29/2021
5048373950625586,Dulsea,Huckel,$1706.44,1/13/2022
5108754287540399,Osgood,Larmour,$4409.97,10/28/2021
5048373323295380,Vevay,Floyde,$4810.61,8/7/2022
5108755988272372,Fidole,Gery,$7285.02,11/16/2021
5108750099808222,Ketti,Mathonnet,$690.96,11/30/2021
5108756324039087,Agatha,MacTeague,$8583.51,4/22/2022
5048379164296080,Nara,Kleinber,$6595.34,2/15/2022
5108751974119743,Dominique,Collis,$9721.86,9/22/2021
5048376957254086,Frazier,Defau,$5775.51,3/5/2022
5048375238300171,Lorrin,Jerrard,$6317.72,7/4/2022
5048370173519182,Niki,Montier,$8522.60,2/4/2022
5048373960098311,Devina,Ralfe,$5187.26,5/5/2022
5108755640223516,Stu,Lydster,$8652.97,4/23/2022
5048374308921180,Etti,Peartree,$5501.83,1/4/2022
5108752389939212,Stern,Ballentime,$1089.20,7/17/2022
5108756749626914,Hamid,Whight,$8065.00,8/23/2022
5048377077418643,Alvie,Edland,$3498.07,12/23/2021
5108754362492508,Milton,Goulthorp,$575.73,8/22/2022
5048376234325139,Morie,Bille,$7518.77,5/6/2022
5048374962149359,Shirlee,Marlow,$1586.59,2/2/2022
5048379248179260,Flo,Tollet,$2419.23,5/12/2022
5108756883336791,Edithe,Rubinovitsch,$8084.12,7/17/2022
5048376271742535,Ruthe,Pellatt,$8020.49,2/2/2022
5108759246327556,Gus,Antczak,$4027.11,11/30/2021
5108751492177231,Lissi,Crossdale,$4662.67,6/2/2022
5048375509393129,Doe,Loughhead,$1790.27,1/22/2022
5108756831190308,Sib,Yurmanovev,$4003.49,3/7/2022
5048376117211299,Chaunce,Loughhead,$6766.63,6/8/2022
5048376435796260,Kristoforo,Ferrero,$1851.65,9/18/2021
5048378042898646,Dedie,Casaletto,$1456.91,2/23/2022
5108751196267015,Arabelle,Amery,$7397.16,6/7/2022
5108757151454878,Brockie,Garvey,$4783.05,5/4/2022
5048375125770957,Sally,Daines,$9010.31,12/12/2021
5108753902576465,Terrye,Woolham,$5065.23,5/9/2022
5048377989879023,Rockey,Oakshott,$7080.02,11/21/2021
5108756135269204,Fanny,Goodredge,$4874.42,12/14/2021
5048376869857190,Alf,Nystrom,$3348.70,9/24/2021
5108755474952545,Antone,Henderson,$3211.86,6/11/2022
5108755442777503,Gonzales,Saiz,$3792.40,9/20/2021
5108751462794221,Corbie,Ballham,$2983.24,7/25/2022
5048376942650935,Lyon,Lavall,$5319.57,2/12/2022
5048376954624018,Kalindi,Tsarovic,$4419.08,1/2/2022
5108756253741422,Wallace,Drury,$7678.22,1/28/2022
5108757690110825,Isidor,Van de Castele,$9410.10,9/17/2021
5108755064489809,Godfree,Wholesworth,$5732.97,11/18/2021
5108754512049240,Jobye,Dillicate,$7041.89,10/15/2021
5108756044241104,Jessy,Dawidman,$7287.33,5/29/2022
5048376464696431,Etty,Pentercost,$4203.04,10/13/2021
5108754169954049,Maddie,Matthisson,$6675.63,9/17/2021
5108753227324203,Fredric,Lobley,$3512.94,12/5/2021
5048377490668600,Oswell,Fandrey,$4734.55,8/26/2022
5048376948654634,Jozef,Plain,$3481.35,7/14/2022
5108751533924112,Hewet,Ogbourne,$1558.00,12/17/2021
5048371292487376,Guillaume,McClaren,$6671.32,9/1/2021
5048375771173340,Alasteir,Asson,$5771.18,2/14/2022
5048375162023849,Willi,Inskipp,$9244.95,5/26/2022
5108757510627313,Sheffield,Chezelle,$7227.89,5/5/2022
5108758981866349,Baron,Grishanin,$1794.35,5/30/2022
5108757176429707,Ali,Cruft,$7582.13,1/22/2022
5048373448762736,Christian,Dossett,$2401.67,12/26/2021
5108755125890391,Paulina,McGuggy,$5294.84,1/20/2022
5048373230011599,Ignatius,Francesco,$3965.22,5/11/2022
5048377873670850,Sydney,Mosdell,$3831.33,11/23/2021
5048371708397433,Matthew,Harvey,$7066.45,1/16/2022
5108756495646876,Tallou,Edgeon,$8260.57,8/31/2021
5108750732837398,Tait,Mabbe,$6592.66,3/1/2022
5048377163665503,Jodee,Seacroft,$1016.66,1/15/2022
5108751978140505,Thorvald,Baumford,$2856.51,4/2/2022
5048370063553028,Nicoline,Carmel,$7619.35,2/21/2022
5108751519249229,Lucia,Bonder,$7532.50,4/9/2022
5108752618385716,Lyndel,Hiscoke,$1946.30,2/17/2022
5108758184246612,Tatum,Andrini,$8351.25,6/7/2022
5108750628432627,Corella,Shearmur,$4525.04,4/27/2022
5108751735345207,Claus,Dumbelton,$6517.27,11/22/2021
5048375930042576,Wyatan,Swalough,$9150.09,11/8/2021
5048373146030279,Phillip,Jeromson,$6394.02,11/5/2021
5048378646748205,Dur,Meineken,$8446.20,2/25/2022
5108751159862117,Marcellina,Ditchburn,$7773.11,2/16/2022
5108751449619830,Carrol,Woodcraft,$6805.25,9/29/2021
5048378787343279,Filia,Djurkovic,$1270.48,1/12/2022
5108752890777952,Mal,McKyrrelly,$7511.00,1/17/2022
5108759164328123,Gabey,McRorie,$9936.86,2/9/2022
5048372790067702,Osbourn,Hardway,$8524.42,1/25/2022
5108754964699112,Carey,Haugen,$7325.97,6/28/2022
5108759676013221,Nils,Cominoli,$6733.21,12/26/2021
5108755807486286,Randi,Tarbath,$7541.51,10/8/2021
5108756057297134,Malinda,Marco,$1066.66,12/3/2021
5108752016194470,Dov,Trevithick,$8352.15,6/2/2022
5108753466957382,Maribeth,Fibbens,$5343.26,6/12/2022
5108754564760603,Gunter,Bezzant,$1262.77,10/6/2021
5108757053050741,Amy,Boggs,$7441.56,2/20/2022
5108755789798591,Waneta,O'Currine,$1661.02,12/12/2021
5108753259507550,Fina,Saggers,$1737.38,3/30/2022
5108752223622024,Clementia,McAuliffe,$1617.78,3/9/2022
5108757166572375,Maddi,Koppes,$9305.54,11/10/2021
5108752217157177,Ellery,Jindracek,$9411.60,6/11/2022
5048372569730035,Inglis,Feast,$5855.82,7/14/2022
5108753912248444,Portia,Maunton,$9362.98,5/7/2022
5048379395600142,Carolyne,Baron,$712.94,1/21/2022
5108753669826053,Jennilee,Manby,$3826.52,8/4/2022
5048372293267379,Jarred,Cottesford,$3810.17,12/10/2021
5048371240691293,Felipa,Duncan,$5748.46,2/24/2022
5108757409759540,Dyana,Caddock,$8389.66,6/12/2022
5048376320787283,Gun,Noto,$8419.14,2/4/2022
5108756585427443,Phoebe,Beet,$6588.87,5/31/2022
5108758330985550,Rica,Allabarton,$8637.60,3/19/2022
5108758222567821,Lexy,Matyushonok,$980.49,4/2/2022
5108757596552294,Marybeth,Sket,$7742.24,7/3/2022
5108758702756019,Austine,McKune,$5830.77,12/1/2021
5048372567824210,Britteny,Callington,$7380.09,12/4/2021
5108754397522725,Arlyne,Lennard,$2540.42,5/17/2022
5048376071045188,Daphne,Etches,$6687.55,8/23/2022
5108752043252689,Vi,Garlette,$968.42,11/16/2021
5048379261380688,Esther,Tutt,$8821.09,11/8/2021
5108758326040584,Giffer,Lyst,$575.99,3/5/2022
5108751045956578,Sully,Yeabsley,$4019.45,11/23/2021
5108759660236366,Rebe,Seston,$5966.10,10/30/2021
5048372118972153,Forest,Smallcomb,$5314.99,6/9/2022
5108759730452795,Bette,Gunstone,$2997.29,6/15/2022
5108751672312475,Perkin,Renzo,$6083.02,10/8/2021
5048376537948066,Zaria,Stebbins,$7221.69,4/4/2022
5048373699122200,Val,Eefting,$2694.26,3/6/2022
5048374854052760,Royall,Niezen,$9802.04,12/6/2021
5048370907236541,Brockie,Peer,$7536.99,7/16/2022
5048376588882594,Arline,Fairburne,$4113.33,12/30/2021
5048375084547248,Nicky,Pass,$3337.73,10/11/2021
5048375741104144,Vere,Rzehorz,$2951.12,10/7/2021
5108751477276586,Pat,Tomsett,$2994.70,9/26/2021
5108757520028452,Cassey,Holdey,$4426.39,7/8/2022
5108754951349051,Morgan,Westover,$4878.33,12/29/2021
5108756523401922,Arron,Dik,$4593.20,2/14/2022
5048371879792263,Moria,Beckett,$7802.54,12/30/2021
5048378692120994,Myrvyn,Hanmer,$2138.46,5/20/2022
5108754407581323,Felizio,Sheran,$6082.92,2/6/2022
5108759653169269,Mattias,Kiellor,$8971.68,10/26/2021
5048372460822428,Hazel,Tacker,$5840.25,3/25/2022
5048376074285195,Jerry,Andrewartha,$6756.82,5/7/2022
5108751821293279,Rustie,Winsbury,$3304.98,3/6/2022
5108753881637940,Orin,Paulucci,$5211.48,8/28/2022
5108758150347956,Vick,Swetmore,$4008.48,12/4/2021
5108751805040613,Peter,Sloss,$5700.46,6/1/2022
5048378006924297,Kira,Hessing,$7379.10,4/15/2022
5048370262169675,Kris,Klimkovich,$688.47,3/14/2022
5048374667694154,Annalee,Harmond,$4885.45,5/6/2022
5048375424724622,Julee,Briggs,$7784.79,1/10/2022
5048377561342424,Somerset,Skevington,$8181.10,4/3/2022
5108751327996672,Josefa,Wissbey,$2015.04,3/11/2022
5108754435744083,Annalee,Farguhar,$1836.16,6/21/2022
5048374093406744,Arney,O'Finan,$4258.53,8/23/2022
5108751125775237,Kissiah,Morde,$5653.54,3/28/2022
5048371972936247,Hana,Sotheby,$2454.12,5/19/2022
5108751604927051,Petronella,Christley,$8426.81,4/2/2022
5108750558889895,Wilton,Blazhevich,$611.80,10/1/2021
5108753727208088,Dulcie,Blanckley,$4385.57,1/14/2022
5048379442119153,Phillip,Screase,$1622.66,10/9/2021
5048373777914478,Mufinella,Suddick,$2319.38,6/22/2022
5108752437175918,Kimberley,Shakelady,$4507.33,5/6/2022
5048373827254487,Gerrie,Safont,$6660.88,9/21/2021
5048377046333428,Gaby,Saterthwait,$9300.56,10/3/2021
5048374869907479,Itch,Furnival,$1756.89,3/16/2022
5048372468571274,Kittie,Imorts,$9842.46,8/27/2022
5108752314467263,Maible,Jablonski,$4580.18,6/18/2022
5108750173697301,Tomasina,Pearcey,$4431.59,1/11/2022
5108755120010771,Zorine,Cowthart,$8168.78,12/26/2021
5048373978529471,Willa,MacNeilly,$1559.43,11/9/2021
5108758652790356,Rob,Borit,$7546.27,4/24/2022
5108752833250307,Philly,Eastcourt,$2837.78,10/3/2021
5108758047914653,Maurine,Painten,$9092.72,4/25/2022
5108757790461516,Aindrea,Morant,$5836.82,12/11/2021
5108752129058786,Deane,Aikman,$7876.27,10/20/2021
5048376853763339,Bax,Abrahmovici,$8015.68,9/19/2021
5048372817612795,Vaughan,Booty,$5174.77,4/16/2022
5048370654203090,Delila,Lago,$1587.69,8/24/2022
5108753113560449,Iolande,Parnell,$6261.70,4/14/2022
5048374875319933,Ilaire,Melbury,$5221.45,3/19/2022
5108759086375699,Herve,Yoell,$9222.21,11/24/2021
5048379288716633,Bird,Marden,$614.68,1/28/2022
5048377895001605,Osmund,Stavers,$7618.76,6/30/2022
5048377453585841,Lian,Romaines,$4068.46,12/12/2021
5108756952652565,Worthington,Cranston,$9635.17,5/17/2022
5048370918391772,Elfreda,Athowe,$1862.15,7/11/2022
5108752596441432,Chadwick,Dearman,$6169.55,7/1/2022
5048377829916712,Silvester,Cranidge,$4019.41,9/8/2021
5108753431384688,Pauletta,Ireland,$7082.45,4/21/2022
5048373526235233,Marabel,Hoston,$6460.75,8/24/2022
5048377822933045,Mack,Scurrah,$3652.46,10/2/2021
5048378870114512,Rainer,Ranklin,$538.14,2/13/2022
5108759720237685,Roland,Prendergrass,$7606.09,12/27/2021
5108751793306638,Reinaldo,Spaule,$3509.30,2/10/2022
5108750471689810,Dorothee,Fielder,$2027.96,1/2/2022
5048371473488268,Cole,McNevin,$1654.39,8/11/2022
5108754263714778,Masha,Frondt,$820.76,12/31/2021
5048376118883138,Obadias,Reimers,$4951.64,3/16/2022
5108752466875842,Dorey,Howes,$8331.79,11/29/2021
5108756364066784,Marshal,Maulden,$9212.47,4/21/2022
5048371662736352,Kelsy,Gregoire,$7488.12,3/1/2022
5108752051297063,Quintana,Eilert,$3437.19,4/27/2022
5108756102339584,Darren,Hollow,$1210.34,7/22/2022
5108752515898365,Maddalena,Badam,$3132.16,10/28/2021
5108755994799889,Krysta,Stenyng,$3928.37,3/20/2022
5108758814282110,Belvia,Poynzer,$4755.96,12/25/2021
5108755464779577,Calv,Charlick,$1720.24,11/17/2021
5108759177744498,Arvie,Sinderland,$7686.92,3/21/2022
5108755697844610,Gonzalo,Chasier,$8032.69,8/13/2022
5108751676838145,Shelbi,July,$9723.26,5/11/2022
5048370295301329,Aleda,Petrussi,$2755.85,3/1/2022
5108755332754075,Tiffani,Dmitriev,$8472.03,1/31/2022
5108755800254343,Jesse,Scini,$5244.97,12/10/2021
5108750664706561,Malvina,Vandrill,$5759.50,9/30/2021
5108759720517557,Griffie,Lounds,$5445.96,12/10/2021
5108752870156607,Anabella,Dundridge,$8176.62,11/23/2021
5048372339061646,Jean,MacCauley,$5082.97,10/24/2021
5108753277412742,Yalonda,Coopey,$4749.75,10/29/2021
5048375598099884,Tana,Shellcross,$2090.24,2/9/2022
5048377882413979,Binni,Arrol,$2564.78,6/19/2022
5108751874093881,Halley,Bus,$5714.61,7/8/2022
5108750057867616,Dunstan,Couper,$7651.64,9/27/2021
5108758142800039,Arlina,Coatman,$2713.13,3/7/2022
5048379993852020,Evelyn,Laverick,$1594.00,9/25/2021
5108757018054820,Angie,Scutter,$545.03,10/4/2021
5108750433699105,Rudiger,Punshon,$6177.06,1/25/2022
5048379763010049,Aida,O'Scannill,$4103.55,11/26/2021
5048379220399076,Leland,O'Heyne,$8521.90,9/10/2021
5108750537307902,Anastasia,Monger,$910.60,6/11/2022
5108757207885992,Audrye,Bertomier,$3186.47,12/27/2021
5048374128228766,Anastassia,Sattin,$5756.96,10/6/2021
5108755933015967,Edithe,Raspel,$4519.60,6/13/2022
5048374069960633,Keriann,Robertz,$4610.24,1/26/2022
5048379183111427,Alfie,Karle,$9746.79,3/24/2022
5048377096587725,Felicia,Nurny,$4496.35,11/29/2021
5048370477829907,Dorie,Caldayrou,$4219.01,8/14/2022
5048378886212201,Brucie,Greenslade,$783.14,9/8/2021
5108758887511585,Goldy,Jepperson,$8259.66,4/7/2022
5048371149151167,Gualterio,Poolton,$1779.42,2/26/2022
5108751956585523,Gwendolyn,Addyman,$6007.21,1/13/2022
5108752290746615,Dede,Rydzynski,$8550.62,2/4/2022
5048372766746875,Rourke,Beadham,$5390.22,4/23/2022
5048372740562190,Carl,Longden,$2041.24,6/18/2022
5108751705175154,Freda,McEwen,$9182.71,5/2/2022
5108752998060145,Andras,Pascall,$6341.84,6/27/2022
5108753021745959,Fanchette,Fernan,$8975.09,6/8/2022
5048376306505907,Fonz,Paybody,$896.06,9/20/2021
5048370513192153,Bunnie,Points,$5968.42,2/18/2022
5108755737036219,Blanca,Offield,$1785.57,1/26/2022
5048379940333793,Rosemonde,Bakes,$9557.39,4/29/2022
5108755357190056,Bryon,Chessor,$9197.78,1/1/2022
5108752779044441,Lindsay,Phythean,$9578.28,9/18/2021
5048373162096014,Peter,Withull,$6483.08,7/20/2022
5108757611165072,Katti,Kohrsen,$6250.34,9/10/2021
5048376405966877,Marcie,Sicely,$3650.28,4/7/2022
5108753732084383,Tandie,Cogswell,$2141.55,3/29/2022
5048377312251445,Ilene,Avison,$944.40,8/15/2022
5108757875623006,Cristie,Sotham,$1218.59,1/8/2022
5108758312706305,Emanuele,Ecles,$2002.87,4/4/2022
5048375651999137,Adella,Poacher,$5551.65,1/6/2022
5048377508914657,Wilma,Banford,$4320.26,10/2/2021
5048376520056158,Paco,Porte,$2920.35,4/17/2022
5108750008817306,Lazaro,Evanson,$1711.59,10/2/2021
5048377415407456,Genevieve,Maddock,$8751.38,12/8/2021
5108759291765858,Leonie,Wraxall,$5883.00,9/6/2021
5108751776027839,Any,Ekell,$7577.68,12/12/2021
5048377160579517,Amaleta,Jouhandeau,$8429.29,2/13/2022
5108753962489849,Kiah,Gabbetis,$3161.46,5/2/2022
5048372590590960,Ric,Bryceson,$3204.71,8/23/2022
5048378231517387,Avrom,Miskin,$6925.53,1/20/2022
5048375209713865,Cherilyn,Baillie,$5364.38,1/1/2022
5048379553943235,Janaya,Turvey,$1019.17,4/12/2022
5048377730238883,Luciana,Bulfoy,$8527.50,2/8/2022
5048371978840872,Valentin,Richt,$8072.08,5/25/2022
5108756193302095,Augustine,Grunnell,$1837.90,7/1/2022
5108751589811304,Fiann,Jorin,$4776.06,4/6/2022
5108759437682991,Julio,Stebles,$7799.99,6/30/2022
5048379466456945,Bayard,Skeggs,$1146.64,9/24/2021
5048379205337729,Nettle,Chattey,$7205.77,5/6/2022
5048378898595296,Robbert,Mellings,$1941.14,6/5/2022
5108750613003441,Cecilia,Enrigo,$5298.30,1/20/2022
5108758721309717,Wilie,Howatt,$1209.56,8/17/2022
5108751958992685,Sherye,Kapelhof,$6897.66,5/24/2022
5048376282232609,Gustavo,Gorrie,$6498.55,2/21/2022
5048377159986376,Elana,Jozsa,$4675.36,1/4/2022
5108754070492477,Greggory,Vasyunkin,$5365.57,10/16/2021
5048375698290458,Derron,Vynoll,$7446.79,2/25/2022
5048379985384875,Artair,Shanklin,$3515.87,5/24/2022
5048377337921709,Vinny,Menhenitt,$9384.96,6/22/2022
5048373311786432,Ryann,Collicott,$2985.52,10/14/2021
5108751230525543,Janenna,Cosker,$5821.14,10/8/2021
5048379406222738,Charita,Ellerby,$7535.52,4/3/2022
5048376204760596,Lyndsie,Boseley,$5670.73,9/16/2021
5108753236370965,Evey,Dorcey,$6529.07,4/26/2022
5048379679016254,Maddalena,Dawby,$6742.59,12/2/2021
5048370211470802,Mikel,Di Frisco,$3179.49,4/25/2022
5108755923280639,Berrie,Ciottoi,$7479.46,3/8/2022
5048373707616706,Raf,Cisneros,$5152.98,8/15/2022
5108755032671710,Hayward,Coysh,$6281.93,11/19/2021
5048373194561696,Stanford,Ismead,$5746.65,9/26/2021
5108759196072251,Justina,Rebichon,$1533.39,9/15/2021
5048376572536461,Nahum,Tolwood,$8865.31,8/29/2022
5048371055621476,Marabel,Fourman,$9347.67,2/28/2022
5108750012610606,Brande,Dupree,$3483.84,10/6/2021
5048376775360065,Holt,Hunnybun,$6913.98,10/3/2021
5048370237958947,Faydra,Hedau,$1071.61,2/12/2022
5048379421744385,Claresta,Thomke,$2206.87,10/19/2021
5048370572993947,Filmer,Atling,$6789.94,3/29/2022
5108753376016246,Burton,Allner,$8228.95,5/12/2022
